{
"x0":[-3,4,5],
"x1":[-3,-3.00001,3],
"x2":[-3,2,10],
"x3":[-10,10,20],
"x4":[3,9.00,9.00001],
"x5":[-3,0,3],
"x6":[-3,5,50]
}
